Product image,Imagen,Variant,SKU,Product category,Product name,Total value,Inventory
"https://static.wixstatic.com/media/fc80e7_3cfe8024fcc149529820ea8ba1f31982~mv2.jpg/v1/fit/w_50,h_50,q_90/file.jpg",Imagen,Sazon Completo 12oz,33844901011,Cuba All ProductsSpices & Sauces,Sazon Completo 12oz,,0
"https://static.wixstatic.com/media/fc80e7_06c80208a00f42688a2b7b5f1c00bae9~mv2.jpg/v1/fit/w_50,h_50,q_90/file.jpg",Imagen,Cafe Cubita 10oz,6.85444E+11,All ProductsCofeeCuba ,Cafe Cubita 10oz,,0
"https://static.wixstatic.com/media/fc80e7_9b11c83359764dd19a00d0d73fa25005~mv2.jpg/v1/fit/w_50,h_50,q_90/file.jpg",Imagen,Irombeer 8/2l,75463106675,BeveragesCuba All Products,Irombeer 8/2l,,0
"https://static.wixstatic.com/media/fc80e7_5f4197aeee754c3f97a94f588888fe81~mv2.jpg/v1/fit/w_50,h_50,q_90/file.jpg",#ÀVALOR!,Yogurt Yokey Fresa-Banana,7.53611E+11,All ProductsDairyCuba ,Yogurt Yokey Fresa-Banana,,0
"https://static.wixstatic.com/media/fc80e7_5f4197aeee754c3f97a94f588888fe81~mv2.jpg/v1/fit/w_50,h_50,q_90/file.jpg",#ÀVALOR!,Perfume Arabe Arabia Madame,2.91109E+11,Cuba Beauty & Personal CareAll Products,Perfume Arabe Arabia Madame,,0
"https://static.wixstatic.com/media/fc80e7_96e70d70000a4b35aaf435e44b379b4a~mv2.png/v1/fit/w_50,h_50,q_90/file.png",Imagen,Don Gollo Lemon Slice,8.50042E+11,All ProductsBakery / Baked GoodsCuba ,Don Gollo Lemon Slice,,0
"https://static.wixstatic.com/media/fc80e7_5f4197aeee754c3f97a94f588888fe81~mv2.jpg/v1/fit/w_50,h_50,q_90/file.jpg",#ÀVALOR!,Grano Mani El Faro 2oz,1151,All ProductsCuba Candy,Grano Mani El Faro 2oz,,0
"https://static.wixstatic.com/media/fc80e7_262587b98aed4f3997ed82f0067365c3~mv2.webp/v1/fit/w_50,h_50,q_90/file.webp",Imagen,Mayonesa Don Tito Cilantro 30oz,53386256966,Spices & SaucesAll ProductsCuba ,Mayonesa Don Tito Cilantro 30oz,,0
"https://static.wixstatic.com/media/fc80e7_f65ab7374ec242b1bfa9fb03ed032ff6~mv2.png/v1/fit/w_50,h_50,q_90/file.png",Imagen,Display Sazones La Lechonera 10x6pack,1231,Spices & SaucesAll ProductsCuba ,Display Sazones La Lechonera 10x6pack,,0
"https://static.wixstatic.com/media/fc80e7_8184fdcd761245bc9a0689ab613c9bc3~mv2.jpg/v1/fit/w_50,h_50,q_90/file.jpg",Imagen,Matebeer Mate Soda 2l,77186740037,Cuba All ProductsBeverages,Matebeer Mate Soda 2l,,0
"https://static.wixstatic.com/media/fc80e7_a47277e86a744427bad212550bd1e693~mv2.png/v1/fit/w_50,h_50,q_90/file.png",Imagen,Don Gollo Masa Real Guayaba/Coc,8.50042E+11,Bakery / Baked GoodsAll ProductsCuba ,Don Gollo Masa Real Guayaba/Coc,,0
"https://static.wixstatic.com/media/fc80e7_3620639ffcbf40e1a0b6badf37753b46~mv2.jpg/v1/fit/w_50,h_50,q_90/file.jpg",Imagen,Vasochela Original Club America/ct 24,7.50305E+12,BeveragesMexicoAll Products,Vasochela Original Club America/ct 24,,0
"https://static.wixstatic.com/media/fc80e7_d1f87d27322041689fac53513a392f72~mv2.jpg/v1/fit/w_50,h_50,q_90/file.jpg",Imagen,Chips Platano Frank,7.1971E+11,SnacksCuba All Products,Chips Platano Frank,,0
"https://static.wixstatic.com/media/fc80e7_87a442a80f174fd28a74ce01ba456f24~mv2.avif/v1/fit/w_50,h_50,q_90/file.webp",Imagen,Corn Truffle In Brine / Huitlacoche En Salmuera 32 Oz/12,8.4131E+11,MexicoAll ProductsCanned & Preserves,Corn Truffle In Brine / Huitlacoche En Salmuera 32 Oz/12,,0
"https://static.wixstatic.com/media/fc80e7_b0988fe19e5542d0bf049bee0a91a7de~mv2.jpg/v1/fit/w_50,h_50,q_90/file.jpg",Imagen,Yellow cherries in syrup / Nance en almibar 32 oz/12,8.4131E+11,All ProductsMexicoCanned & Preserves,Yellow cherries in syrup / Nance en almibar 32 oz/12,,0
"https://static.wixstatic.com/media/fc80e7_a3bca045609349189b02ee67507942e2~mv2.jpg/v1/fit/w_50,h_50,q_90/file.jpg",Imagen,Mix Chela Original Club America 55 Ml 1.86 Oz 20 Ct,7.50305E+12,MexicoBeveragesAll Products,Mix Chela Original Club America 55 Ml 1.86 Oz 20 Ct,,0
"https://static.wixstatic.com/media/fc80e7_f4c1e58da1544855afb74173d7340c60~mv2.webp/v1/fit/w_50,h_50,q_90/file.webp",Imagen,Pru Caja 24unit,1.99284E+11,Cuba BeveragesAll Products,Pru Caja 24unit,,0
"https://static.wixstatic.com/media/fc80e7_0731370e74904ebb9e667a10f518ca6a~mv2.jpg/v1/fit/w_50,h_50,q_90/file.jpg",Imagen,Cake Rusk Biscocho 14/650g,6.27265E+11,All ProductsCuba Bakery / Baked Goods,Cake Rusk Biscocho 14/650g,,0
"https://static.wixstatic.com/media/fc80e7_5f4197aeee754c3f97a94f588888fe81~mv2.jpg/v1/fit/w_50,h_50,q_90/file.jpg",#ÀVALOR!,Perfume Mariposa Suchel Forever 3.3fl,1159,All ProductsBeauty & Personal CareCuba ,Perfume Mariposa Suchel Forever 3.3fl,,0
"https://static.wixstatic.com/media/fc80e7_3cfe8024fcc149529820ea8ba1f31982~mv2.jpg/v1/fit/w_50,h_50,q_90/file.jpg",Imagen,Sazon Completo Badia 1.75lb,33844905514,Cuba Spices & SaucesAll Products,Sazon Completo Badia 1.75lb,,0
"https://static.wixstatic.com/media/fc80e7_e6c9d953bede41a28c6d0ee7d4711c8e~mv2.png/v1/fit/w_50,h_50,q_90/file.png",Imagen,Petit Nectar de Naranja 1lt,24474002759,BeveragesCuba All Products,Petit Nectar de Naranja 1lt,,0
"https://static.wixstatic.com/media/fc80e7_f1a548429923415fa076250c2865bc0f~mv2.png/v1/fit/w_50,h_50,q_90/file.png",Imagen,Spaguetti Rex,1.83799E+11,All ProductsCuba Pantry Essentials,Spaguetti Rex,,0
"https://static.wixstatic.com/media/fc80e7_9469b83b1a4b4e568a95447ab0f721f3~mv2.webp/v1/fit/w_50,h_50,q_90/file.webp",Imagen,Refresco Guama Watermelon 400g,8.60011E+11,Cuba All ProductsBeverages,Refresco Guama Watermelon 400g,,0
"https://static.wixstatic.com/media/fc80e7_00b5a97033dd4e7cac77b4157db29de1~mv2.jpeg/v1/fit/w_50,h_50,q_90/file.jpg",Imagen,Coco-Leche Carmela,7.05105E+11,CandyAll ProductsCuba ,Coco-Leche Carmela,,0
"https://static.wixstatic.com/media/fc80e7_73b2081324784835ae948261212700a4~mv2.avif/v1/fit/w_50,h_50,q_90/file.webp",Imagen,Pan Guava Panaaron,88362492786,Bakery / Baked GoodsCuba All Products,Pan Guava Panaaron,,0
"https://static.wixstatic.com/media/fc80e7_1d4d303180d24dbc829a7536d7276676~mv2.webp/v1/fit/w_50,h_50,q_90/file.webp",Imagen,Jugo Mounsier Mango,6.76637E+11,All ProductsCuba Beverages,Jugo Mounsier Mango,,0
"https://static.wixstatic.com/media/fc80e7_5f4197aeee754c3f97a94f588888fe81~mv2.jpg/v1/fit/w_50,h_50,q_90/file.jpg",#ÀVALOR!,Yogurt Yokey Lactosa Free Fresa,53610897538,All ProductsCuba Dairy,Yogurt Yokey Lactosa Free Fresa,,0
"https://static.wixstatic.com/media/fc80e7_69625d20291f432e8983869b1e70f273~mv2.jpg/v1/fit/w_50,h_50,q_90/file.jpg",Imagen,Petit 3x8 Nectar de Guava,24474380109,All ProductsBeveragesCuba ,Petit 3x8 Nectar de Guava,,0
"https://static.wixstatic.com/media/fc80e7_110973397e9347ec85e2d9893b20178a~mv2.jpg/v1/fit/w_50,h_50,q_90/file.jpg",Imagen,Chicotico Iselita,1069,Cuba All ProductsSnacks,Chicotico Iselita,,0
"https://static.wixstatic.com/media/fc80e7_c7cc8fcc3633494abc7dd08b10b52ce6~mv2.png/v1/fit/w_50,h_50,q_90/file.png",Imagen,Petit Nectar de Pera 1lt,24474002629,BeveragesAll ProductsCuba ,Petit Nectar de Pera 1lt,,0
"https://static.wixstatic.com/media/fc80e7_8e4d84989d564e0d991fee3d2a8991b7~mv2.png/v1/fit/w_50,h_50,q_90/file.png",Imagen,Jugo Mango Don Tito,7.53386E+11,BeveragesAll ProductsCuba ,Jugo Mango Don Tito,,0
"https://static.wixstatic.com/media/fc80e7_89059b4b25764fe2bd2800a8b4e9755d~mv2.jpg/v1/fit/w_50,h_50,q_90/file.jpg",Imagen,Cartas Espanolas,1104,Cuba Board Games & CardsAll Products,Cartas Espanolas,,0
"https://static.wixstatic.com/media/fc80e7_b2a62c5f621942208102fcb78dc30973~mv2.jpg/v1/fit/w_50,h_50,q_90/file.jpg",Imagen,Caramelos Limon Gustazo 6oz Bag,7.23849E+11,Cuba CandyAll Products,Caramelos Limon Gustazo 6oz Bag,,0
"https://static.wixstatic.com/media/fc80e7_ca74857442bf4d74ac76d2d85bc492be~mv2.webp/v1/fit/w_50,h_50,q_90/file.webp",Imagen,Borrachitas El Exquisito Cont,1139,All ProductsBakery / Baked GoodsCuba ,Borrachitas El Exquisito Cont,,0
"https://static.wixstatic.com/media/fc80e7_362afe68fbf046238954a7d463a8f5b6~mv2.jpeg/v1/fit/w_50,h_50,q_90/file.jpg",Imagen,Cinnamon Stick 8oz,1088,Spices & SaucesAll ProductsCuba ,Cinnamon Stick 8oz,,0
"https://static.wixstatic.com/media/fc80e7_8778ab8f705348bb8d477f7ea3c51919~mv2.png/v1/fit/w_50,h_50,q_90/file.png",Imagen,Jugo Mango Nezka 250ml,7.52831E+11,Cuba All ProductsBeverages,Jugo Mango Nezka 250ml,,0
"https://static.wixstatic.com/media/fc80e7_025fbec3283744a69549f22278b5951c~mv2.webp/v1/fit/w_50,h_50,q_90/file.webp",Imagen,Aji Cachucha Encurtido 14oz,51497204785,Spices & SaucesAll ProductsCuba ,Aji Cachucha Encurtido 14oz,,0
"https://static.wixstatic.com/media/fc80e7_476541f1d3d248309f555d09061810fb~mv2.jpg/v1/fit/w_50,h_50,q_90/file.jpg",Imagen,Petit 3x8 Nectar de Pineaple,24474313053,Cuba All ProductsBeverages,Petit 3x8 Nectar de Pineaple,,0
"https://static.wixstatic.com/media/fc80e7_e51747ca3485430d9c9f67a13d1ebee8~mv2.jpg/v1/fit/w_50,h_50,q_90/file.jpg",Imagen,Sazon Tropical Badia 1.75lb,033844009571,All ProductsCuba Spices & Sauces,Sazon Tropical Badia 1.75lb,,0
"https://static.wixstatic.com/media/fc80e7_caf7dcfdbe3046be995593fcf69a9b1e~mv2.webp/v1/fit/w_50,h_50,q_90/file.webp",Imagen,Comino Molido Badia 2oz,33844000073,Cuba All ProductsSpices & Sauces,Comino Molido Badia 2oz,,0
"https://static.wixstatic.com/media/fc80e7_c2a146b17b3f4011a7e7fbad2c44570e~mv2.webp/v1/fit/w_50,h_50,q_90/file.webp",Imagen,Colonia Habanera Un-Toque,9482319181,Cuba Beauty & Personal CareAll Products,Colonia Habanera Un-Toque,,0
"https://static.wixstatic.com/media/fc80e7_67450b0edbf54544a3961f46181dd9a9~mv2.jpg/v1/fit/w_50,h_50,q_90/file.jpg",Imagen,Yogurt Yokey Natural Blanco/ Sin Azu,0639713991970,Cuba All ProductsDairy,Yogurt Yokey Natural Blanco/ Sin Azu,,0
"https://static.wixstatic.com/media/fc80e7_5f4197aeee754c3f97a94f588888fe81~mv2.jpg/v1/fit/w_50,h_50,q_90/file.jpg",#ÀVALOR!,Perfume Arabe Royce Bleu,2.91107E+11,Cuba Beauty & Personal CareAll Products,Perfume Arabe Royce Bleu,,0
"https://static.wixstatic.com/media/fc80e7_6c964e7471534f69aab8054cbf0fbdd5~mv2.webp/v1/fit/w_50,h_50,q_90/file.webp",Imagen,Jugo Guava Don Tito 8.5oz,7.53386E+11,Cuba All ProductsBeverages,Jugo Guava Don Tito 8.5oz,,0
"https://static.wixstatic.com/media/fc80e7_08300ef13393420880e098c824dbd98a~mv2.jpg/v1/fit/w_50,h_50,q_90/file.jpg",Imagen,Croqueta Jamon Catalina 40unit,75127013066,All ProductsCuba Deli Meats,Croqueta Jamon Catalina 40unit,,0
"https://static.wixstatic.com/media/fc80e7_f94dbeae004249809cef60315c928662~mv2.avif/v1/fit/w_50,h_50,q_90/file.webp",Imagen,Pan Guayaba Y Queso Panaaron,02835650940,Bakery / Baked GoodsAll ProductsCuba ,Pan Guayaba Y Queso Panaaron,,0
"https://static.wixstatic.com/media/fc80e7_390a07f60e184e7290f668dcb4647a7b~mv2.jpg/v1/fit/w_50,h_50,q_90/file.jpg",Imagen,Colonia Violeta Habanera Azul,7.97525E+11,All ProductsCuba Beauty & Personal Care,Colonia Violeta Habanera Azul,,0
"https://static.wixstatic.com/media/fc80e7_baf8d1ad10144b6bbcbae38586890eb9~mv2.png/v1/fit/w_50,h_50,q_90/file.png",Imagen,Leche Evaporada Nezka,83799004954,Pantry EssentialsAll ProductsCuba ,Leche Evaporada Nezka,,0
"https://static.wixstatic.com/media/fc80e7_cdd7a9c4f3d04614baa942732e56d5f3~mv2.jpg/v1/fit/w_50,h_50,q_90/file.jpg",Imagen,Ironbeer Pomo 3/8/12fl,75463124129,BeveragesCuba All Products,Ironbeer Pomo 3/8/12fl,,0
"https://static.wixstatic.com/media/fc80e7_ab497721212b4cae9f1ab19560feafa8~mv2.jpg/v1/fit/w_50,h_50,q_90/file.jpg",Imagen,Yogurt Yokey PiûÝa Colada,6.39714E+11,DairyCuba All Products,Yogurt Yokey PiûÝa Colada,,0
"https://static.wixstatic.com/media/fc80e7_4c31f3f78ad94b479a302ac63df7ba48~mv2.jpeg/v1/fit/w_50,h_50,q_90/file.jpg",Imagen,"Petit 3x8 Nectar de Mixto(apple, orange, Mango)",7.4112E+12,BeveragesCuba All Products,"Petit 3x8 Nectar de Mixto(apple, orange, Mango)",,0
"https://static.wixstatic.com/media/fc80e7_01c047035fef4c7cbc55576ab8bcbf7e~mv2.jpeg/v1/fit/w_50,h_50,q_90/file.jpg",Imagen,Sunchy Pear 24/11.5oz,7.66115E+11,Cuba BeveragesAll Products,Sunchy Pear 24/11.5oz,,0
"https://static.wixstatic.com/media/fc80e7_3cc0ace806a5472fae4cd01c93608e62~mv2.jpg/v1/fit/w_50,h_50,q_90/file.jpg",Imagen,Petit 3x8 Nectar de Apple,24474313015,All ProductsCuba Beverages,Petit 3x8 Nectar de Apple,,0
"https://static.wixstatic.com/media/fc80e7_32c04bd9a7894871b10f046f960f001c~mv2.jpg/v1/fit/w_50,h_50,q_90/file.jpg",Imagen,Cafe Morro 10oz,34027369482,CofeeCuba All Products,Cafe Morro 10oz,,0
"https://static.wixstatic.com/media/fc80e7_c09a6e95f6044e86bfcda69129771b18~mv2.webp/v1/fit/w_50,h_50,q_90/file.webp",Imagen,Gaseiga Mini 12oz,1192,All ProductsBakery / Baked GoodsCuba ,Gaseiga Mini 12oz,,0
"https://static.wixstatic.com/media/fc80e7_05c57cca66354acfbd13d5f70758cb79~mv2.png/v1/fit/w_50,h_50,q_90/file.png",Imagen,Petit Nectar de Mango 1lt,24474002605,BeveragesCuba All Products,Petit Nectar de Mango 1lt,,0
"https://static.wixstatic.com/media/fc80e7_abd2efefcbfc4087a39f853179e87d1b~mv2.jpg/v1/fit/w_50,h_50,q_90/file.jpg",Imagen,Chips Malanga Frakns,7.1971E+11,All ProductsCuba Snacks,Chips Malanga Frakns,,0
"https://static.wixstatic.com/media/fc80e7_b82606b14eb94c0fbcb5b9d801ade881~mv2.avif/v1/fit/w_50,h_50,q_90/file.webp",Imagen,Don Gollo Pan De Maiz,8.50042E+11,Cuba Bakery / Baked GoodsAll Products,Don Gollo Pan De Maiz,,0
"https://static.wixstatic.com/media/fc80e7_ca15229f50d74fb9b33f706b3cf20ffd~mv2.webp/v1/fit/w_50,h_50,q_90/file.webp",Imagen,Colonia Habanera Mariposa,09482625176,Cuba All ProductsBeauty & Personal Care,Colonia Habanera Mariposa,,0
"https://static.wixstatic.com/media/fc80e7_52b85b2a018d48e2812375f021f4c7d8~mv2.jpeg/v1/fit/w_50,h_50,q_90/file.jpg",Imagen,Sunchy Guava 24/11.5oz,7.66115E+11,Cuba BeveragesAll Products,Sunchy Guava 24/11.5oz,,0
"https://static.wixstatic.com/media/fc80e7_5f4197aeee754c3f97a94f588888fe81~mv2.jpg/v1/fit/w_50,h_50,q_90/file.jpg",#ÀVALOR!,Sierra Pes Lb,1149,Deli MeatsAll ProductsCuba ,Sierra Pes Lb,,0
"https://static.wixstatic.com/media/fc80e7_c0411b5c7ca54334a78cdc619047e078~mv2.jpg/v1/fit/w_50,h_50,q_90/file.jpg",Imagen,Malta Bucanero 207ml 6x4pack,1.96853E+11,All ProductsCuba Beverages,Malta Bucanero 207ml 6x4pack,,0
"https://static.wixstatic.com/media/fc80e7_876d8ef50f9b46dd99b925c508ba36d8~mv2.avif/v1/fit/w_50,h_50,q_90/file.webp",Imagen,Iselitas Malanga Chips,7.89758E+11,All ProductsSnacksCuba ,Iselitas Malanga Chips,,0
"https://static.wixstatic.com/media/fc80e7_b765016a6e0746118c32dda5bec1397c~mv2.jpeg/v1/fit/w_50,h_50,q_90/file.jpg",Imagen,Pelly Queso,8.60004E+11,All ProductsSnacksCuba ,Pelly Queso,,0
"https://static.wixstatic.com/media/fc80e7_6aff22c1076445c1a1c7474a683e97eb~mv2.webp/v1/fit/w_50,h_50,q_90/file.webp",Imagen,Sofrito Pinton Natural 14onz,51497284404,Spices & SaucesCuba All Products,Sofrito Pinton Natural 14onz,,0
"https://static.wixstatic.com/media/fc80e7_ebdb80829c1e47b1bb90e26ad502d8d1~mv2.jpg/v1/fit/w_50,h_50,q_90/file.jpg",Imagen,Empella De Cerdo El Criollito,1116,All ProductsDeli MeatsCuba ,Empella De Cerdo El Criollito,,0
"https://static.wixstatic.com/media/fc80e7_eb1f0c468e9e4fd09cb35b5cf5ac4f98~mv2.jpeg/v1/fit/w_50,h_50,q_90/file.jpg",Imagen,Jugo Mounsier Papa Mango  1lt  ct 12,76637600612,BeveragesCuba All Products,Jugo Mounsier Papa Mango  1lt  ct 12,,0
"https://static.wixstatic.com/media/fc80e7_5f4197aeee754c3f97a94f588888fe81~mv2.jpg/v1/fit/w_50,h_50,q_90/file.jpg",#ÀVALOR!,Yuca Congelada Caribbean best 5lb,7.44302E+12,Cuba Frozen FoodsAll Products,Yuca Congelada Caribbean best 5lb,,0
"https://static.wixstatic.com/media/fc80e7_e4e92ac2b3c2435ca943d64b999f8c26~mv2.webp/v1/fit/w_50,h_50,q_90/file.webp",Imagen,Naranja Agria La Lechonera,76320000150,All ProductsSpices & SaucesCuba ,Naranja Agria La Lechonera,,0
"https://static.wixstatic.com/media/fc80e7_c32b2868d35841cc80de7dd175a35053~mv2.webp/v1/fit/w_50,h_50,q_90/file.webp",Imagen,Botox,1095,All ProductsBeauty & Personal CareCuba ,Botox,,0
"https://static.wixstatic.com/media/fc80e7_6a26e1b9282147019d14f35af7710287~mv2.webp/v1/fit/w_50,h_50,q_90/file.webp",Imagen,Africanas Red 0.5oz,1.98169E+11,CandyAll ProductsCuba ,Africanas Red 0.5oz,$0.00 ,0
"https://static.wixstatic.com/media/fc80e7_2d61f468d4d3450e92c09c79fc539e89~mv2.jpg/v1/fit/w_50,h_50,q_90/file.jpg",Imagen,Chips  Maduro Franks,1046,SnacksAll ProductsCuba ,Chips  Maduro Franks,,0
"https://static.wixstatic.com/media/fc80e7_1b1584b18af047d5aac2434111683c11~mv2.jpg/v1/fit/w_50,h_50,q_90/file.jpg",Imagen,Frazada Cubana Blanca,7.69658E+11,AppliancesAll ProductsCuba ,Frazada Cubana Blanca,,0
"https://static.wixstatic.com/media/fc80e7_70aac9b84e8f41a68443d2e101b5a5c1~mv2.png/v1/fit/w_50,h_50,q_90/file.png",Imagen,Don Gollo Masa Real Coco,6.92278E+11,All ProductsCuba Bakery / Baked Goods,Don Gollo Masa Real Coco,,0
"https://static.wixstatic.com/media/fc80e7_ab07defac1644cbf97c73befdbeabb22~mv2.jpg/v1/fit/w_50,h_50,q_90/file.jpg",Imagen,Chorizo Criollo Lbs,1108,Cuba All ProductsDeli Meats,Chorizo Criollo Lbs,,0
"https://static.wixstatic.com/media/fc80e7_c410382d15004f99be59fd311191889f~mv2.webp/v1/fit/w_50,h_50,q_90/file.webp",Imagen,Dulce De Leche,7.05105E+11,CandyCuba All Products,Dulce De Leche,,0
"https://static.wixstatic.com/media/fc80e7_eeeba53f71ec48dfaeda9f9a540d7ecd~mv2.jpg/v1/fit/w_50,h_50,q_90/file.jpg",Imagen,Chips Cassava Frank's,96520617803,SnacksAll ProductsCuba ,Chips Cassava Frank's,,0
"https://static.wixstatic.com/media/fc80e7_584a129815d44e3ba47bd1c2fea669a3~mv2.webp/v1/fit/w_50,h_50,q_90/file.webp",Imagen,Bon Bon Bum Colombina 14oz Assorted,7.70201E+12,All ProductsCuba Candy,Bon Bon Bum Colombina 14oz Assorted,,0
"https://static.wixstatic.com/media/fc80e7_5f4197aeee754c3f97a94f588888fe81~mv2.jpg/v1/fit/w_50,h_50,q_90/file.jpg",#ÀVALOR!,Perfume Camerata Suchel Forever,1160,All ProductsCuba Beauty & Personal Care,Perfume Camerata Suchel Forever,,0
"https://static.wixstatic.com/media/fc80e7_9d918d51ef7246fcb2785a23fe6c7c2f~mv2.webp/v1/fit/w_50,h_50,q_90/file.webp",Imagen,Mojo Criollo La Lechonera 680ml,76320000242,All ProductsCuba Spices & Sauces,Mojo Criollo La Lechonera 680ml,,0
"https://static.wixstatic.com/media/fc80e7_21b3127603c7427cbefbd1941d8302fc~mv2.webp/v1/fit/w_50,h_50,q_90/file.webp",Imagen,Ironbeer Cans Lata,75463104121,Cuba BeveragesAll Products,Ironbeer Cans Lata,,0
"https://static.wixstatic.com/media/fc80e7_0f36e0d22f3a4e73945f8fe93e9d34b8~mv2.png/v1/fit/w_50,h_50,q_90/file.png",Imagen,Tostones Hawaianos Tajacol 2Lb,7.05378E+12,Cuba Frozen FoodsAll Products,Tostones Hawaianos Tajacol 2Lb,,0
"https://static.wixstatic.com/media/fc80e7_93b7657af958430ea78de0cad6c5e681~mv2.jpg/v1/fit/w_50,h_50,q_90/file.jpg",Imagen,Pasta De Guayaba El Sembrador,99336004462,CandyAll ProductsCuba ,Pasta De Guayaba El Sembrador,,0
"https://static.wixstatic.com/media/fc80e7_59b0de39fc6f4475b2b5e5f771ff23f5~mv2.jpg/v1/fit/w_50,h_50,q_90/file.jpg",Imagen,Comino Seco Badia 16oz,033844005825,Cuba All ProductsSpices & Sauces,Comino Seco Badia 16oz,,0
"https://static.wixstatic.com/media/fc80e7_1dbc64d15a2b42a5bfe97f3c89bfddf3~mv2.png/v1/fit/w_50,h_50,q_90/file.png",Imagen,Don Gollo Mufin Vainilla,6.92278E+11,Cuba All ProductsBakery / Baked Goods,Don Gollo Mufin Vainilla,,0
"https://static.wixstatic.com/media/fc80e7_cf10822cacd64fd7a57f78110aa77159~mv2.jpg/v1/fit/w_50,h_50,q_90/file.jpg",Imagen,Chorizo Quijote 16oz,31886020066,Deli MeatsAll ProductsCuba ,Chorizo Quijote 16oz,,0
"https://static.wixstatic.com/media/fc80e7_c825f771686e46bd8d041eaa3e0bb5c3~mv2.png/v1/fit/w_50,h_50,q_90/file.png",Imagen,Corazon Feliz Cumpleanos,7.50046E+12,CandelsAll ProductsMexicoCuba ,Corazon Feliz Cumpleanos,,0
"https://static.wixstatic.com/media/fc80e7_5f4197aeee754c3f97a94f588888fe81~mv2.jpg/v1/fit/w_50,h_50,q_90/file.jpg",#ÀVALOR!,Perfume Alicia Suchel Forever,1161,Beauty & Personal CareCuba All Products,Perfume Alicia Suchel Forever,,0
"https://static.wixstatic.com/media/fc80e7_4dd0b33a257346b5ae4377063f12afa2~mv2.jpg/v1/fit/w_50,h_50,q_90/file.jpg",Imagen,Cafe Aroma 8.8oz,034027123459,Cuba CofeeAll Products,Cafe Aroma 8.8oz,,0
"https://static.wixstatic.com/media/fc80e7_4a105d9d206c41eda9710d7d4cccfe9e~mv2.jpg/v1/fit/w_50,h_50,q_90/file.jpg",Imagen,Malta Hyper Box,4.01504E+12,Cuba BeveragesAll Products,Malta Hyper Box,,0
"https://static.wixstatic.com/media/fc80e7_5df1a8ed41eb4e26933f1315ef17de83~mv2.png/v1/fit/w_50,h_50,q_90/file.png",Imagen,Yuca Tajacol 2lb,40206896603,Frozen FoodsAll ProductsCuba ,Yuca Tajacol 2lb,,0
"https://static.wixstatic.com/media/fc80e7_dca72646fa274dc69a32739ebbdbeabb~mv2.jpg/v1/fit/w_50,h_50,q_90/file.jpg",Imagen,Perfumes Gama Media,1061,Beauty & Personal CareAll ProductsCuba ,Perfumes Gama Media,,0
"https://static.wixstatic.com/media/fc80e7_1819b7a85bff454bb64346b6145855b4~mv2.webp/v1/fit/w_50,h_50,q_90/file.webp",Imagen,Leche Condensada Rex,83799004954,Cuba Pantry EssentialsAll Products,Leche Condensada Rex,,0
"https://static.wixstatic.com/media/fc80e7_462776fed20e448c95d8d449004045bd~mv2.webp/v1/fit/w_50,h_50,q_90/file.webp",Imagen,Chorizo Abuelita 2.5lb,1063,All ProductsCuba Deli Meats,Chorizo Abuelita 2.5lb,,0
"https://static.wixstatic.com/media/fc80e7_4897dad629214a3f96cb23cb647fb72a~mv2.jpg/v1/fit/w_50,h_50,q_90/file.jpg",Imagen,Manteca Cerdo el Criollito,7.18089E+11,Deli MeatsAll ProductsCuba ,Manteca Cerdo el Criollito,,0
"https://static.wixstatic.com/media/fc80e7_b5755e116ec045cd8352458eee6751a0~mv2.jpeg/v1/fit/w_50,h_50,q_90/file.jpg",Imagen,Keke Honey Cookie 7oz/24,14512002575,All ProductsCuba Bakery / Baked Goods,Keke Honey Cookie 7oz/24,,0
"https://static.wixstatic.com/media/fc80e7_f5944649c41e494dbfbb9cac4b7357ef~mv2.jpeg/v1/fit/w_50,h_50,q_90/file.jpg",Imagen,Jugo Mounsier Papa Guava  1lt,7.66372E+11,All ProductsBeveragesCuba ,Jugo Mounsier Papa Guava  1lt,,0
"https://static.wixstatic.com/media/fc80e7_01c2a99b0ece4b0f81bed664af6567b3~mv2.png/v1/fit/w_50,h_50,q_90/file.png",Imagen,Pinita Lanio 2l,75463206672,BeveragesAll ProductsCuba ,Pinita Lanio 2l,,0
"https://static.wixstatic.com/media/fc80e7_f454850d87aa40009a84ef6b770f568c~mv2.png/v1/fit/w_50,h_50,q_90/file.png",Imagen,Don Gollo Masa Real Guayaba,6.92278E+11,All ProductsCuba Bakery / Baked Goods,Don Gollo Masa Real Guayaba,,0
"https://static.wixstatic.com/media/fc80e7_fecbf6eccaff485ea5db390ceb455d5e~mv2.jpg/v1/fit/w_50,h_50,q_90/file.jpg",Imagen,Caramelos Tamarindo Gustazo 4oz Bag,1041,All ProductsCandyCuba ,Caramelos Tamarindo Gustazo 4oz Bag,,0
"https://static.wixstatic.com/media/fc80e7_70c893fd95cd44e6ba7f1bd84730447a~mv2.jpg/v1/fit/w_50,h_50,q_90/file.jpg",Imagen,Mesas De Domino,1070,Cuba All ProductsBoard Games & Cards,Mesas De Domino,,0
"https://static.wixstatic.com/media/fc80e7_5f4197aeee754c3f97a94f588888fe81~mv2.jpg/v1/fit/w_50,h_50,q_90/file.jpg",#ÀVALOR!,Pasta De Guayaba Da Fruta,8.27694E+11,All ProductsCandyCuba ,Pasta De Guayaba Da Fruta,,0
"https://static.wixstatic.com/media/fc80e7_5bc12a3ac39b43d689f523eb6e0c903c~mv2.jpeg/v1/fit/w_50,h_50,q_90/file.jpg",Imagen,Sunchy Banana 24/11.5oz,7.66115E+11,All ProductsBeveragesCuba ,Sunchy Banana 24/11.5oz,,0
"https://static.wixstatic.com/media/fc80e7_13f7d9c3d9a54fd3b931fe573586673e~mv2.jpg/v1/fit/w_50,h_50,q_90/file.jpg",Imagen,Pan Bolita Chulopan,7.64145E+12,All ProductsBakery / Baked GoodsCuba ,Pan Bolita Chulopan,,0
"https://static.wixstatic.com/media/fc80e7_5f4197aeee754c3f97a94f588888fe81~mv2.jpg/v1/fit/w_50,h_50,q_90/file.jpg",#ÀVALOR!,Platano Maduro Tajacol 6l,6.16642E+11,Cuba All ProductsFrozen Foods,Platano Maduro Tajacol 6l,,0
"https://static.wixstatic.com/media/fc80e7_b1dcc881ddd846d298640fa978e0b9c2~mv2.png/v1/fit/w_50,h_50,q_90/file.png",Imagen,Guayaba Calvillo Almibar 32 Oz/12,1228,All ProductsCanned & PreservesMexico,Guayaba Calvillo Almibar 32 Oz/12,,0
"https://static.wixstatic.com/media/fc80e7_e3e88e0bd0b94f3d9bde3602c93a1ef4~mv2.avif/v1/fit/w_50,h_50,q_90/file.webp",Imagen,Velas Numeros Y ?,7.50046E+12,MexicoCuba CandelsAll Products,Velas Numeros Y ?,,0
"https://static.wixstatic.com/media/fc80e7_09618de06e5c40ad9c1fa92f83e1d2ab~mv2.jpg/v1/fit/w_50,h_50,q_90/file.jpg",Imagen,Pelly Jamon,8.68137E+11,SnacksAll ProductsCuba ,Pelly Jamon,,0
"https://static.wixstatic.com/media/fc80e7_6a4197362b5f44fabd0bce92b5fe6b51~mv2.webp/v1/fit/w_50,h_50,q_90/file.webp",Imagen,Comino Badia 7oz,033844000028,Spices & SaucesAll ProductsCuba ,Comino Badia 7oz,,0
"https://static.wixstatic.com/media/fc80e7_59b92566ad0c411088cb40f7e2bd0d89~mv2.png/v1/fit/w_50,h_50,q_90/file.png",Imagen,Platano Verde Iselitas 650g,7.89758E+11,Cuba All ProductsSnacks,Platano Verde Iselitas 650g,,0
"https://static.wixstatic.com/media/fc80e7_6bff44aea8c9401b99bbd5e4c5d0268d~mv2.jpg/v1/fit/w_50,h_50,q_90/file.jpg",Imagen,Bucanero Lata 12oz,8.60011E+11,All ProductsCuba Beverages,Bucanero Lata 12oz,,0
"https://static.wixstatic.com/media/fc80e7_8b527b82daa744b48a03efe043c62f6d~mv2.png/v1/fit/w_50,h_50,q_90/file.png",Imagen,Petit Nectar de Pineaple 1l,24474002636,All ProductsCuba Beverages,Petit Nectar de Pineaple 1l,,0
"https://static.wixstatic.com/media/fc80e7_79f2d7f17c5f4117879fa1989f94cbf6~mv2.jpg/v1/fit/w_50,h_50,q_90/file.jpg",Imagen,Tamarindo Ball Azucar 8oz  Bag,6.10396E+11,Cuba All ProductsCandy,Tamarindo Ball Azucar 8oz  Bag,,0
"https://static.wixstatic.com/media/fc80e7_49cbc00cb7514894ac6188f373b0a5d7~mv2.webp/v1/fit/w_50,h_50,q_90/file.webp",Imagen,Ground Peanuts / Mani Molido El Gustazo,6.17354E+12,CandyCuba All Products,Ground Peanuts / Mani Molido El Gustazo,,0
"https://static.wixstatic.com/media/fc80e7_c061611f31d043ee9ada16d1cc16e2ed~mv2.jpeg/v1/fit/w_50,h_50,q_90/file.jpg",Imagen,Goya Sazonador Total 18 Oz,41331038836,Cuba Spices & SaucesAll Products,Goya Sazonador Total 18 Oz,,0
"https://static.wixstatic.com/media/fc80e7_04fbd01909db43588c0e44607950d04a~mv2.jpg/v1/fit/w_50,h_50,q_90/file.jpg",Imagen,Yogurt Yokey Guanabana,6.39714E+11,DairyAll ProductsCuba ,Yogurt Yokey Guanabana,,0
"https://static.wixstatic.com/media/fc80e7_5f4197aeee754c3f97a94f588888fe81~mv2.jpg/v1/fit/w_50,h_50,q_90/file.jpg",#ÀVALOR!,Trigo Inflado Rex 6oz,5.83799E+11,Pantry EssentialsAll ProductsCuba ,Trigo Inflado Rex 6oz,,0
"https://static.wixstatic.com/media/fc80e7_ba74fb939a05493ea5987ff0269fc3aa~mv2.jpg/v1/fit/w_50,h_50,q_90/file.jpg",Imagen,Sardinas Rex,83799006484,Pantry EssentialsCuba All Products,Sardinas Rex,,0
"https://static.wixstatic.com/media/fc80e7_e02ae541b07b40a992a5076d6d6e1106~mv2.png/v1/fit/w_50,h_50,q_90/file.png",Imagen,Sunchy Manzana 24/11.5oz,7.66115E+11,BeveragesCuba All Products,Sunchy Manzana 24/11.5oz,,0
"https://static.wixstatic.com/media/fc80e7_808d59d4050c45a88ff59fefc048c068~mv2.jpg/v1/fit/w_50,h_50,q_90/file.jpg",Imagen,Jupina 6 Pack,77186330054,BeveragesAll ProductsCuba ,Jupina 6 Pack,,0
"https://static.wixstatic.com/media/fc80e7_24ff9b1e822347e7a9590eb242ace542~mv2.png/v1/fit/w_50,h_50,q_90/file.png",Imagen,Leche En Polvo Nezka,01968448202,All ProductsPantry EssentialsCuba ,Leche En Polvo Nezka,,0
"https://static.wixstatic.com/media/fc80e7_911762375b5648deae4f94e94e3d1782~mv2.jpeg/v1/fit/w_50,h_50,q_90/file.jpg",Imagen,Pelly Ajo,8.68137E+11,Cuba SnacksAll Products,Pelly Ajo,,0
"https://static.wixstatic.com/media/fc80e7_b8c74bf1054d4c6e8b193a28c0da20c1~mv2.webp/v1/fit/w_50,h_50,q_90/file.webp",Imagen,Jupina  2lt,077186740051,All ProductsCuba Beverages,Jupina  2lt,,0
"https://static.wixstatic.com/media/fc80e7_67d64bc599e84b9292ffb7ee6b7397ec~mv2.jpg/v1/fit/w_50,h_50,q_90/file.jpg",Imagen,Mix Chela Original Club America 500 Ml 16.9 Oz/ct 12,7.50305E+12,BeveragesMexicoAll Products,Mix Chela Original Club America 500 Ml 16.9 Oz/ct 12,,0
"https://static.wixstatic.com/media/fc80e7_25a9ec4502cd4dcb96ae9b72ea87ee6c~mv2.webp/v1/fit/w_50,h_50,q_90/file.webp",Imagen,Red Peppers Whole Mdist 24oz,8.10034E+11,All ProductsSpices & SaucesCuba ,Red Peppers Whole Mdist 24oz,,0
"https://static.wixstatic.com/media/fc80e7_5f4197aeee754c3f97a94f588888fe81~mv2.jpg/v1/fit/w_50,h_50,q_90/file.jpg",#ÀVALOR!,Tazas Cafe 13piesas ,083799104944,AppliancesCuba All Products,Tazas Cafe 13piesas ,,0
"https://static.wixstatic.com/media/fc80e7_3520cc49c26f4b61b418f44096390762~mv2.png/v1/fit/w_50,h_50,q_90/file.png",Imagen,Petit Nectar de Guava 1l,24474002599,All ProductsBeveragesCuba ,Petit Nectar de Guava 1l,,0
"https://static.wixstatic.com/media/fc80e7_1bada554ca51493b8c98505df8fd60a1~mv2.jpg/v1/fit/w_50,h_50,q_90/file.jpg",Imagen,Tamarindo Sugar Free 16oz Bag,6.10396E+11,CandyAll ProductsCuba ,Tamarindo Sugar Free 16oz Bag,,0
"https://static.wixstatic.com/media/fc80e7_4e9b33bc56da4595af6acd35b2a75569~mv2.jpg/v1/fit/w_50,h_50,q_90/file.jpg",Imagen,Turron Cacahuete 200g,8.41077E+12,Cuba TurronAll Products,Turron Cacahuete 200g,,0
"https://static.wixstatic.com/media/fc80e7_0c5e87dda3854a7c833183a533d3ad11~mv2.jpg/v1/fit/w_50,h_50,q_90/file.jpg",Imagen,Pastelito Oriental Guayaba Chulopan,7.64451E+11,All ProductsCuba Bakery / Baked Goods,Pastelito Oriental Guayaba Chulopan,,0
"https://static.wixstatic.com/media/fc80e7_053eca0cc6164f2781bf75e4113270c1~mv2.jpg/v1/fit/w_50,h_50,q_90/file.jpg",Imagen,Turron De Alicante 200g,8.41077E+12,All ProductsTurronCuba ,Turron De Alicante 200g,,0
"https://static.wixstatic.com/media/fc80e7_ccd11cfde5814d97a9b453a9064944e5~mv2.jpg/v1/fit/w_50,h_50,q_90/file.jpg",Imagen,Jamon Viking Ham Criollo,1085,Cuba All ProductsDeli Meats,Jamon Viking Ham Criollo,,0
"https://static.wixstatic.com/media/fc80e7_a3053d643c494529988626269b39aa7a~mv2.jpg/v1/fit/w_50,h_50,q_90/file.jpg",Imagen,Hawthorn In Syrup / Tejocote En Almibar 32 Oz  /12,1221,MexicoCanned & PreservesAll Products,Hawthorn In Syrup / Tejocote En Almibar 32 Oz  /12,,0
"https://static.wixstatic.com/media/fc80e7_db02a418f32249f49cbb2152ebc82bbe~mv2.png/v1/fit/w_50,h_50,q_90/file.png",Imagen,Vaso Michilada Grande  2.02 Oz Ct 10,71910720061,BeveragesAll ProductsMexico,Vaso Michilada Grande  2.02 Oz Ct 10,,0
"https://static.wixstatic.com/media/fc80e7_676e5ff424284786be130e03fd67ed33~mv2.jpg/v1/fit/w_50,h_50,q_90/file.jpg",Imagen,Colonia Habanera Tabaco,53295622150,Cuba Beauty & Personal CareAll Products,Colonia Habanera Tabaco,,0
"https://static.wixstatic.com/media/fc80e7_7f24027612f346dfab562692b7dc5e38~mv2.jpg/v1/fit/w_50,h_50,q_90/file.jpg",Imagen,Domino B/C Bandera Cuban,37005408548,All ProductsCuba Board Games & Cards,Domino B/C Bandera Cuban,,0
"https://static.wixstatic.com/media/fc80e7_b2a62c5f621942208102fcb78dc30973~mv2.jpg/v1/fit/w_50,h_50,q_90/file.jpg",Imagen,Caramelos Limon Gustazo 4oz,0723849488289,All ProductsCandyCuba ,Caramelos Limon Gustazo 4oz,,0
"https://static.wixstatic.com/media/fc80e7_5f4197aeee754c3f97a94f588888fe81~mv2.jpg/v1/fit/w_50,h_50,q_90/file.jpg",#ÀVALOR!,Perfume Vers,1143,Cuba Beauty & Personal CareAll Products,Perfume Vers,,0
"https://static.wixstatic.com/media/fc80e7_5f4197aeee754c3f97a94f588888fe81~mv2.jpg/v1/fit/w_50,h_50,q_90/file.jpg",#ÀVALOR!,Tazas 12piezas Marron,08379910495,AppliancesCuba All Products,Tazas 12piezas Marron,,0
"https://static.wixstatic.com/media/fc80e7_a749b90708c8400aab82389578a225f4~mv2.jpg/v1/fit/w_50,h_50,q_90/file.jpg",Imagen,Cafe Pilon 10oz,74471101016,Cuba All ProductsCofee,Cafe Pilon 10oz,,0
"https://static.wixstatic.com/media/fc80e7_f7e04370a15446ad9355d5e078a2176a~mv2.jpg/v1/fit/w_50,h_50,q_90/file.jpg",Imagen,Bon Bon Bum Colombina 14oz Fresa,7.70201E+12,All ProductsCandyCuba ,Bon Bon Bum Colombina 14oz Fresa,,0
"https://static.wixstatic.com/media/fc80e7_ef1ea15455324943a55a2d43af3da204~mv2.webp/v1/fit/w_50,h_50,q_90/file.webp",Imagen,Refresco Guama Mango 400g,8.6001E+11,Cuba BeveragesAll Products,Refresco Guama Mango 400g,,0
"https://static.wixstatic.com/media/fc80e7_0cff673e21c540f2be00074ca87bf003~mv2.webp/v1/fit/w_50,h_50,q_90/file.webp",Imagen,Refresco Guama Fresa 400g,8.60011E+11,Cuba BeveragesAll Products,Refresco Guama Fresa 400g,,0
"https://static.wixstatic.com/media/fc80e7_17bb4487585940768b360cfa082aef66~mv2.jpeg/v1/fit/w_50,h_50,q_90/file.jpg",Imagen,Ravelo Cuban Cracker,8.65077E+11,Cuba Bakery / Baked GoodsAll Products,Ravelo Cuban Cracker,$0.00 ,0
"https://static.wixstatic.com/media/fc80e7_a586512d278d4d36a576fd9b85b001ec~mv2.png/v1/fit/w_50,h_50,q_90/file.png",Imagen,Tamales Catalina Pequenos,1209,Cuba Frozen FoodsAll Products,Tamales Catalina Pequenos,,0
"https://static.wixstatic.com/media/fc80e7_8869bac8ccb84390bec02f4986f8529e~mv2.jpg/v1/fit/w_50,h_50,q_90/file.jpg",Imagen,Caramelos Mango Gustazo 6oz Bag,7.23849E+11,Cuba CandyAll Products,Caramelos Mango Gustazo 6oz Bag,,0
"https://static.wixstatic.com/media/fc80e7_dd0814be5cdc40e082b27be2c962a619~mv2.jpeg/v1/fit/w_50,h_50,q_90/file.jpg",Imagen,Pinton Ajonesa Con Cilantro 14oz,7.88362E+11,Spices & SaucesCuba All Products,Pinton Ajonesa Con Cilantro 14oz,,0
"https://static.wixstatic.com/media/fc80e7_879ea1d08d5d42b0a4c01a8e66318c3d~mv2.jpg/v1/fit/w_50,h_50,q_90/file.jpg",Imagen,Pan Flauta Cubano Chulopan,7.64451E+11,Cuba All ProductsBakery / Baked Goods,Pan Flauta Cubano Chulopan,,0
"https://static.wixstatic.com/media/fc80e7_9e12a8a5e31c466db5fdced05e9e42b2~mv2.jpg/v1/fit/w_50,h_50,q_90/file.jpg",Imagen,Tamarindo Bolsa Enchilado 8oz,6.10396E+11,CandyAll ProductsCuba ,Tamarindo Bolsa Enchilado 8oz,,0
"https://static.wixstatic.com/media/fc80e7_e83f1446f8f44b13865f4258c527d0a4~mv2.png/v1/fit/w_50,h_50,q_90/file.png",Imagen,Cafetera Electrica Bene Casa 6t,37005902640,Cuba AppliancesAll Products,Cafetera Electrica Bene Casa 6t,,0
"https://static.wixstatic.com/media/fc80e7_04881fc6dec545d480ebe5f656ea0bb6~mv2.jpg/v1/fit/w_50,h_50,q_90/file.jpg",Imagen,Polvoron Chulopan,7.64451E+11,Cuba Bakery / Baked GoodsAll Products,Polvoron Chulopan,,0
"https://static.wixstatic.com/media/fc80e7_863d25036f5f4a03acc9a0405c7b565e~mv2.png/v1/fit/w_50,h_50,q_90/file.png",Imagen,Leche En Polvo Rex 2lb,8379900721,Pantry EssentialsAll ProductsCuba ,Leche En Polvo Rex 2lb,,0
"https://static.wixstatic.com/media/fc80e7_87a442a80f174fd28a74ce01ba456f24~mv2.avif/v1/fit/w_50,h_50,q_90/file.webp",Imagen,Corn Truffle In Brine / Huitlacoche En Salmuera 16 Oz/12,1222,MexicoAll ProductsCanned & Preserves,Corn Truffle In Brine / Huitlacoche En Salmuera 16 Oz/12,,0
"https://static.wixstatic.com/media/fc80e7_6f70f78bbc834fc9a6e3468f380296af~mv2.webp/v1/fit/w_50,h_50,q_90/file.webp",Imagen,Turron Yema Huevo 200g,8.41077E+12,Cuba All ProductsTurron,Turron Yema Huevo 200g,,0
"https://static.wixstatic.com/media/fc80e7_3f6dd492dadd499fa86ab914cab20839~mv2.jpg/v1/fit/w_50,h_50,q_90/file.jpg",Imagen,Perfumes Gama Alta,1060,Beauty & Personal CareCuba All Products,Perfumes Gama Alta,,0
"https://static.wixstatic.com/media/fc80e7_dc3111ea6cc246fea5a5057ce37ae52a~mv2.jpg/v1/fit/w_50,h_50,q_90/file.jpg",Imagen,Petit 3x8 Nectar de Pear,24474313039,BeveragesCuba All Products,Petit 3x8 Nectar de Pear,,0
"https://static.wixstatic.com/media/fc80e7_fab9ba3304b549d0bcf1c54274e6d718~mv2.png/v1/fit/w_50,h_50,q_90/file.png",Imagen,Colonia Habanera Jean Empire,9482111204,Cuba All ProductsBeauty & Personal Care,Colonia Habanera Jean Empire,,0
"https://static.wixstatic.com/media/fc80e7_9f74932368c04e2baf08096a72f48e34~mv2.webp/v1/fit/w_50,h_50,q_90/file.webp",Imagen,Ponche Calvillo Almibar32 Oz,1217,Canned & PreservesMexicoAll Products,Ponche Calvillo Almibar32 Oz,,0
"https://static.wixstatic.com/media/fc80e7_598364abe3a649c58b0f5bbfa2d6f113~mv2.jpg/v1/fit/w_50,h_50,q_90/file.jpg",Imagen,Yogurt Yokey Coconut,6.39714E+11,DairyCuba All Products,Yogurt Yokey Coconut,,0
"https://static.wixstatic.com/media/fc80e7_f5944649c41e494dbfbb9cac4b7357ef~mv2.jpeg/v1/fit/w_50,h_50,q_90/file.jpg",Imagen,Jugo De Guayaba Nezka,47581350430,All ProductsCuba Beverages,Jugo De Guayaba Nezka,,0
"https://static.wixstatic.com/media/fc80e7_ce0517e3be1c422c95addd0da6028cc2~mv2.webp/v1/fit/w_50,h_50,q_90/file.webp",Imagen,Coco Rallado Ancel 34onz,074566131256,Cuba All ProductsCanned & Preserves,Coco Rallado Ancel 34onz,,0
"https://static.wixstatic.com/media/fc80e7_db02a418f32249f49cbb2152ebc82bbe~mv2.png/v1/fit/w_50,h_50,q_90/file.png",Imagen,Vaso Michilada Chico  1.01 Oz Ct 9,7.50046E+12,MexicoAll ProductsBeverages,Vaso Michilada Chico  1.01 Oz Ct 9,,0
"https://static.wixstatic.com/media/fc80e7_3c0798ad47b54e34b369b599a6053e5c~mv2.jpg/v1/fit/w_50,h_50,q_90/file.jpg",Imagen,Petit 3x8 Nectar de Mango,24474313091,BeveragesAll ProductsCuba ,Petit 3x8 Nectar de Mango,,0
"https://static.wixstatic.com/media/fc80e7_0d03b4cfdbc04c01b93cc23de31c99e7~mv2.png/v1/fit/w_50,h_50,q_90/file.png",Imagen,Petit Nectar de Manzana 1lt,024474002612,BeveragesCuba All Products,Petit Nectar de Manzana 1lt,,0
"https://static.wixstatic.com/media/fc80e7_f5b58ee9ef5c46f988373660c179235d~mv2.avif/v1/fit/w_50,h_50,q_90/file.webp",Imagen,Velas Largas,7.50046E+12,All ProductsMexicoCuba Candels,Velas Largas,,0
"https://static.wixstatic.com/media/fc80e7_543fecea2d964ce893aadb2d9b580def~mv2.avif/v1/fit/w_50,h_50,q_90/file.webp",Imagen,Sandwich Spread Pasta de Bocadito,21000026999,All ProductsCuba Spices & Sauces,Sandwich Spread Pasta de Bocadito,,0
"https://static.wixstatic.com/media/fc80e7_5f4197aeee754c3f97a94f588888fe81~mv2.jpg/v1/fit/w_50,h_50,q_90/file.jpg",#ÀVALOR!,Capuchino El Exquisito,1186,Bakery / Baked GoodsCuba All Products,Capuchino El Exquisito,,0
"https://static.wixstatic.com/media/fc80e7_c0f712d430e148538a534497571facda~mv2.webp/v1/fit/w_50,h_50,q_90/file.webp",Imagen,Roasted Red Peppers Celorio 24oz,8.15124E+11,Spices & SaucesCuba All Products,Roasted Red Peppers Celorio 24oz,,0
"https://static.wixstatic.com/media/fc80e7_2d96de80053f449e9b2ac8d0a614a27f~mv2.jpg/v1/fit/w_50,h_50,q_90/file.jpg",Imagen,Yogurt Yokey Natural / Azucar,6.39714E+11,All ProductsCuba Dairy,Yogurt Yokey Natural / Azucar,,0
"https://static.wixstatic.com/media/fc80e7_29b28fcf93cf416199067a9d14999060~mv2.jpg/v1/fit/w_50,h_50,q_90/file.jpg",Imagen,Refresco Guama Lime 400g,8.60011E+11,BeveragesCuba All Products,Refresco Guama Lime 400g,,0
"https://static.wixstatic.com/media/fc80e7_f6573251d8724bb5998c42007a5b0725~mv2.webp/v1/fit/w_50,h_50,q_90/file.webp",Imagen,Salsa Yahualica Hot 12 0z /12,1224,All ProductsMexicoSpices & Sauces,Salsa Yahualica Hot 12 0z /12,,0
"https://static.wixstatic.com/media/fc80e7_aa20bdad974942dbb3e93fb69b2fc2b6~mv2.png/v1/fit/w_50,h_50,q_90/file.png",Imagen,Don Gollo Muffin Vainilla,0922784250520,All ProductsCuba Bakery / Baked Goods,Don Gollo Muffin Vainilla,,0
"https://static.wixstatic.com/media/fc80e7_f7637ac7c20b4b4bb79877d2c8061d20~mv2.webp/v1/fit/w_50,h_50,q_90/file.webp",Imagen,Pasta De Guayaba Nezka,6.99839E+11,Cuba All ProductsCandy,Pasta De Guayaba Nezka,,0
"https://static.wixstatic.com/media/fc80e7_6b5d94d040a5435bb6a71691b09c773c~mv2.jpg/v1/fit/w_50,h_50,q_90/file.jpg",Imagen,Yogurt Yokey Fresa,63971399198,DairyCuba All Products,Yogurt Yokey Fresa,,0
"https://static.wixstatic.com/media/fc80e7_f5944649c41e494dbfbb9cac4b7357ef~mv2.jpeg/v1/fit/w_50,h_50,q_90/file.jpg",Imagen,Jugo Mounsier Guava,6.76637E+11,All ProductsCuba Beverages,Jugo Mounsier Guava,,0
"https://static.wixstatic.com/media/fc80e7_8dba742c7cbc4ecd95387c70435c077f~mv2.jpg/v1/fit/w_50,h_50,q_90/file.jpg",Imagen,Sunchy Malta Lata 4/6/12fl,7.66115E+11,All ProductsCuba Beverages,Sunchy Malta Lata 4/6/12fl,,0
"https://static.wixstatic.com/media/fc80e7_4a105d9d206c41eda9710d7d4cccfe9e~mv2.jpg/v1/fit/w_50,h_50,q_90/file.jpg",Imagen,Hyper Bot 4/6/335ml,1105,Cuba All ProductsBeverages,Hyper Bot 4/6/335ml,,0
"https://static.wixstatic.com/media/fc80e7_006af58565414dbd83e2c1b92e9f0ca2~mv2.png/v1/fit/w_50,h_50,q_90/file.png",Imagen,Pulpas Frutas Mamey Superior 30oz,8.66947E+11,All ProductsFrozen FoodsCuba ,Pulpas Frutas Mamey Superior 30oz,,0
"https://static.wixstatic.com/media/fc80e7_71ad83809bbb4aeda83aaa83fc4914d1~mv2.jpg/v1/fit/w_50,h_50,q_90/file.jpg",Imagen,Pellytroque de Ajo Chulopan 8oz,7.36373E+11,All ProductsBakery / Baked GoodsCuba ,Pellytroque de Ajo Chulopan 8oz,,0
"https://static.wixstatic.com/media/fc80e7_006af58565414dbd83e2c1b92e9f0ca2~mv2.png/v1/fit/w_50,h_50,q_90/file.png",Imagen,Pulpas Frutas Mamey Superior 5Lb,8.66947E+11,All ProductsCuba Frozen Foods,Pulpas Frutas Mamey Superior 5Lb,,0
"https://static.wixstatic.com/media/fc80e7_59b92566ad0c411088cb40f7e2bd0d89~mv2.png/v1/fit/w_50,h_50,q_90/file.png",Imagen,Iselita Platano Maduro Sweet Chips 650g,7.89758E+11,Cuba All ProductsSnacks,Iselita Platano Maduro Sweet Chips 650g,,0
"https://static.wixstatic.com/media/fc80e7_8d97e6e370b0415488be215ea560ca8d~mv2.png/v1/fit/w_50,h_50,q_90/file.png",Imagen,Findy Pasta Pasta de Bocadito,6.5858E+11,All ProductsSpices & SaucesCuba ,Findy Pasta Pasta de Bocadito,,0
"https://static.wixstatic.com/media/fc80e7_0a732fd0c37246188616e941bba39258~mv2.jpg/v1/fit/w_50,h_50,q_90/file.jpg",Imagen,Malta Bucanero 355ml 6/4 Pack,8.6001E+11,BeveragesAll ProductsCuba ,Malta Bucanero 355ml 6/4 Pack,,0
"https://static.wixstatic.com/media/fc80e7_61f9570e160f45b991195ce6018165af~mv2.jpg/v1/fit/w_50,h_50,q_90/file.jpg",Imagen,Vasochela Mango Club America/ct24,7.50305E+12,BeveragesMexicoAll Products,Vasochela Mango Club America/ct24,,0
"https://static.wixstatic.com/media/fc80e7_14a92e21515d42cbb3110867f8fd11c4~mv2.jpg/v1/fit/w_50,h_50,q_90/file.jpg",Imagen,Comino Molido Badia 16oz,033844005160,Spices & SaucesCuba All Products,Comino Molido Badia 16oz,,0
"https://static.wixstatic.com/media/fc80e7_094eb787966e4dd4a27a00ff0df2ffcd~mv2.webp/v1/fit/w_50,h_50,q_90/file.webp",Imagen,Mayonesa Pinton Ajonesa / 14oz,7.88362E+11,Cuba All ProductsSpices & Sauces,Mayonesa Pinton Ajonesa / 14oz,,0
"https://static.wixstatic.com/media/fc80e7_be403ae2279b414dbe355fc3a8c7fd4b~mv2.jpg/v1/fit/w_50,h_50,q_90/file.jpg",Imagen,Yogurt Yokey Guayaba,6.39714E+11,Cuba DairyAll Products,Yogurt Yokey Guayaba,,0
"https://static.wixstatic.com/media/fc80e7_1823927e1e684d83951869ba329f9ea1~mv2.avif/v1/fit/w_50,h_50,q_90/file.webp",Imagen,Pan Cheese Panaaron,88362492779,All ProductsBakery / Baked GoodsCuba ,Pan Cheese Panaaron,,0
"https://static.wixstatic.com/media/fc80e7_5dc94d9c75634156b1eeb52bc34b2060~mv2.png/v1/fit/w_50,h_50,q_90/file.png",Imagen,Velas Balon Futbol Feliz Cumpleanos,7.50046E+12,All ProductsCandelsCuba Mexico,Velas Balon Futbol Feliz Cumpleanos,,0
"https://static.wixstatic.com/media/fc80e7_276c2266ca074428b31f4554eab0bd97~mv2.jpg/v1/fit/w_50,h_50,q_90/file.jpg",Imagen,Mix tender cactus / Nopalitos mix 16 oz/12,8.4131E+11,MexicoCanned & PreservesAll Products,Mix tender cactus / Nopalitos mix 16 oz/12,,0
"https://static.wixstatic.com/media/fc80e7_a94895b01313484f85b7f2ce1039128b~mv2.png/v1/fit/w_50,h_50,q_90/file.png",Imagen,Velitas 10 pcs,7.50046E+12,All ProductsCandelsCuba Mexico,Velitas 10 pcs,,0
"https://static.wixstatic.com/media/fc80e7_7112c793bc9349e49193d8ad2230e0d6~mv2.webp/v1/fit/w_50,h_50,q_90/file.webp",Imagen,Pinita Pineapple Soda 6/12fl Oz,75463204128,All ProductsCuba Beverages,Pinita Pineapple Soda 6/12fl Oz,,0
"https://static.wixstatic.com/media/fc80e7_e535dc21d5984418bd98a555164ddf30~mv2.jpeg/v1/fit/w_50,h_50,q_90/file.jpg",Imagen,Sunchy Mango 24/11.5oz,7.66115E+11,All ProductsBeveragesCuba ,Sunchy Mango 24/11.5oz,,0
"https://static.wixstatic.com/media/fc80e7_d09dccece79743c298ba00288cafd117~mv2.jpg/v1/fit/w_50,h_50,q_90/file.jpg",Imagen,Kachita Shampoo Is 32oz,55907260704,Cuba All ProductsBeauty & Personal Care,Kachita Shampoo Is 32oz,,0
"https://static.wixstatic.com/media/fc80e7_d09836dbc82545e38c75c98488949a10~mv2.jpg/v1/fit/w_50,h_50,q_90/file.jpg",Imagen,Sunchy Malta 4/6/7oz,7.66115E+11,Cuba BeveragesAll Products,Sunchy Malta 4/6/7oz,,0
"https://static.wixstatic.com/media/fc80e7_0ffdc8826798439fa550b53234bdb2ea~mv2.webp/v1/fit/w_50,h_50,q_90/file.webp",Imagen,Leche En Polvo Guama 4lb,60010327340,All ProductsPantry EssentialsCuba ,Leche En Polvo Guama 4lb,,0
"https://static.wixstatic.com/media/fc80e7_cf5809869006449b989e9296f9a23758~mv2.avif/v1/fit/w_50,h_50,q_90/file.webp",Imagen,Pan Dulce  Panaaron,88362492762,Cuba All ProductsBakery / Baked Goods,Pan Dulce  Panaaron,,0
"https://static.wixstatic.com/media/fc80e7_6855290fbc184731bbda8b444b8a3c27~mv2.jpg/v1/fit/w_50,h_50,q_90/file.jpg",Imagen,Chips Chicotico Frank,6.1279E+11,All ProductsCuba Snacks,Chips Chicotico Frank,,0
"https://static.wixstatic.com/media/fc80e7_8a475fcdc24446388e96ce56a4bca1b0~mv2.avif/v1/fit/w_50,h_50,q_90/file.webp",Imagen,Color Colorados Frijoles 16oz,8.58311E+11,All ProductsCuba Spices & Sauces,Color Colorados Frijoles 16oz,,0
"https://static.wixstatic.com/media/fc80e7_9031c39f01e643f099fdbf18535f0575~mv2.png/v1/fit/w_50,h_50,q_90/file.png",Imagen,Turron Jijoma 200g,8.41077E+12,All ProductsTurronCuba ,Turron Jijoma 200g,,0
"https://static.wixstatic.com/media/fc80e7_fecbf6eccaff485ea5db390ceb455d5e~mv2.jpg/v1/fit/w_50,h_50,q_90/file.jpg",Imagen,Caramelos Tamarindo Gustazo 6oz Bag,7.23849E+11,All ProductsCandyCuba ,Caramelos Tamarindo Gustazo 6oz Bag,,0
"https://static.wixstatic.com/media/fc80e7_7140f84335244f21a6cbe18ea7c86264~mv2.png/v1/fit/w_50,h_50,q_90/file.png",Imagen,Don Gollo Pan San Francisco,6.92278E+11,All ProductsBakery / Baked GoodsCuba ,Don Gollo Pan San Francisco,,0
"https://static.wixstatic.com/media/fc80e7_49cbc00cb7514894ac6188f373b0a5d7~mv2.webp/v1/fit/w_50,h_50,q_90/file.webp",Imagen,Turron Cubano Mani Sosa,7.48252E+11,All ProductsTurronCuba ,Turron Cubano Mani Sosa,,0
"https://static.wixstatic.com/media/fc80e7_6b03fe9fcd1a40389a85278984c1e898~mv2.png/v1/fit/w_50,h_50,q_90/file.png",Imagen,Platano Limon Iselitas 650g,7.89758E+11,SnacksCuba All Products,Platano Limon Iselitas 650g,,0
"https://static.wixstatic.com/media/fc80e7_a586512d278d4d36a576fd9b85b001ec~mv2.png/v1/fit/w_50,h_50,q_90/file.png",Imagen,Tamal Catalina Grandes,1193,All ProductsFrozen FoodsCuba ,Tamal Catalina Grandes,,0
"https://static.wixstatic.com/media/fc80e7_5444a86b38b44bcd9b29c061298262c4~mv2.avif/v1/fit/w_50,h_50,q_90/file.webp",Imagen,Tamarindo Pulpa 12oz Bag,6.10396E+11,All ProductsCandyCuba ,Tamarindo Pulpa 12oz Bag,,0
"https://static.wixstatic.com/media/fc80e7_5f4197aeee754c3f97a94f588888fe81~mv2.jpg/v1/fit/w_50,h_50,q_90/file.jpg",#ÀVALOR!,Platano Maduro Tajacol 2l,7.05378E+11,All ProductsCuba Frozen Foods,Platano Maduro Tajacol 2l,,0
"https://static.wixstatic.com/media/fc80e7_ce252944302a46679e68790738c4236e~mv2.jpg/v1/fit/w_50,h_50,q_90/file.jpg",Imagen,Comino Molido Badia 4lbs,33844003043,Cuba All ProductsSpices & Sauces,Comino Molido Badia 4lbs,,0
"https://static.wixstatic.com/media/fc80e7_cf8b03feb09d4b9db73ee5df6a2aff83~mv2.avif/v1/fit/w_50,h_50,q_90/file.webp",Imagen,Colonia Violeta Habanera Verde,7.97524E+11,Cuba All ProductsBeauty & Personal Care,Colonia Violeta Habanera Verde,,0
"https://static.wixstatic.com/media/fc80e7_71ae5db8a72f4054a18f278888a218c8~mv2.webp/v1/fit/w_50,h_50,q_90/file.webp",Imagen,Cafe Caracolillo 8oz,78892111012,CofeeAll ProductsCuba ,Cafe Caracolillo 8oz,,0
"https://static.wixstatic.com/media/fc80e7_5f4197aeee754c3f97a94f588888fe81~mv2.jpg/v1/fit/w_50,h_50,q_90/file.jpg",#ÀVALOR!,Keratina Steong 32oz,98304381498,Cuba All ProductsBeauty & Personal Care,Keratina Steong 32oz,,0
"https://static.wixstatic.com/media/fc80e7_6085ed9b494140c6b58562546dfdb8ec~mv2.jpg/v1/fit/w_50,h_50,q_90/file.jpg",Imagen,Palitroque Chulopan,7.36373E+11,Cuba All ProductsBakery / Baked Goods,Palitroque Chulopan,,0
"https://static.wixstatic.com/media/fc80e7_1019911ced894d52b0170cf308cdcdbc~mv2.webp/v1/fit/w_50,h_50,q_90/file.webp",Imagen,Refresco Guama Coctel 400g,8.60011E+11,All ProductsBeveragesCuba ,Refresco Guama Coctel 400g,,0
"https://static.wixstatic.com/media/fc80e7_d69f89d72b9743f0ace813f671f70520~mv2.jpg/v1/fit/w_50,h_50,q_90/file.jpg",Imagen,Yogurt Yokey Mango,6.39714E+11,DairyAll ProductsCuba ,Yogurt Yokey Mango,,0
"https://static.wixstatic.com/media/fc80e7_3d728eff27ff4e6fb97ee8d4cc053456~mv2.webp/v1/fit/w_50,h_50,q_90/file.webp",Imagen,Cafe Sol De Cuba 8oz,078892111036,CofeeCuba All Products,Cafe Sol De Cuba 8oz,,0
"https://static.wixstatic.com/media/fc80e7_a4d144b03a5e469dba22cca22bcc22b9~mv2.png/v1/fit/w_50,h_50,q_90/file.png",Imagen,Iselitas Chips Cassaba,7.89758E+11,All ProductsSnacksCuba ,Iselitas Chips Cassaba,,0
"https://static.wixstatic.com/media/fc80e7_ef1c128c273b4b5d9ecfa2f008adc19c~mv2.jpg/v1/fit/w_50,h_50,q_90/file.jpg",Imagen,Keratina 3d 32oz,58093939881,All ProductsBeauty & Personal CareCuba ,Keratina 3d 32oz,,0
"https://static.wixstatic.com/media/fc80e7_34f44a87e32e437f848d4bc4a3578c4a~mv2.jpg/v1/fit/w_50,h_50,q_90/file.jpg",Imagen,Sazon Completo Badia 6oz,33844001353,Cuba All ProductsSpices & Sauces,Sazon Completo Badia 6oz,,0
"https://static.wixstatic.com/media/fc80e7_fbd2650f375647918425cdfc4a20d61f~mv2.avif/v1/fit/w_50,h_50,q_90/file.webp",Imagen,Velas Letras Felicidades,7.50046E+12,Cuba All ProductsCandelsMexico,Velas Letras Felicidades,,0
"https://static.wixstatic.com/media/fc80e7_f5176ed83dad40e8944a46dddfc671b4~mv2.jpg/v1/fit/w_50,h_50,q_90/file.jpg",Imagen,Queso Gouda lb,2.82326E+11,DairyAll ProductsCuba ,Queso Gouda lb,,0
"https://static.wixstatic.com/media/fc80e7_c8cd57858a7449b5bbec5f22678315b4~mv2.webp/v1/fit/w_50,h_50,q_90/file.webp",Imagen,CaûÝA Calvillo Almibar 32 Oz/12,1218,MexicoAll ProductsCanned & Preserves,CaûÝA Calvillo Almibar 32 Oz/12,,0
"https://static.wixstatic.com/media/fc80e7_f6573251d8724bb5998c42007a5b0725~mv2.webp/v1/fit/w_50,h_50,q_90/file.webp",Imagen,Salsa Yahualica ClaSica 12 0z /12,1225,Spices & SaucesMexicoAll Products,Salsa Yahualica ClaSica 12 0z /12,,0
"https://static.wixstatic.com/media/fc80e7_5f4197aeee754c3f97a94f588888fe81~mv2.jpg/v1/fit/w_50,h_50,q_90/file.jpg",#ÀVALOR!,Pulpas Frutas Guanabana Superior 5Lb,8.66947E+11,All ProductsCuba Frozen Foods,Pulpas Frutas Guanabana Superior 5Lb,,0
"https://static.wixstatic.com/media/fc80e7_68e1bb64f0ed41aeba7e632e9f576d47~mv2.png/v1/fit/w_50,h_50,q_90/file.png",Imagen,Chicharrones Pork Skins 1lb,1206,SnacksCuba All Products,Chicharrones Pork Skins 1lb,,0
"https://static.wixstatic.com/media/fc80e7_6d4bf73885d84383806c33b511dd1b5a~mv2.jpg/v1/fit/w_50,h_50,q_90/file.jpg",Imagen,Lomo Ahumado Criollo Lbs,1082,Deli MeatsAll ProductsCuba ,Lomo Ahumado Criollo Lbs,,0
"https://static.wixstatic.com/media/fc80e7_c2cd712e26d04bb1a8d1578e165b6bf6~mv2.png/v1/fit/w_50,h_50,q_90/file.png",Imagen,Colonia Habanera Camerata,09482118173,Beauty & Personal CareCuba All Products,Colonia Habanera Camerata,,0
"https://static.wixstatic.com/media/fc80e7_0c5e87dda3854a7c833183a533d3ad11~mv2.jpg/v1/fit/w_50,h_50,q_90/file.jpg",Imagen,Pastel Oriental Coco Chulopan,7.64451E+11,All ProductsBakery / Baked GoodsCuba ,Pastel Oriental Coco Chulopan,,0
"https://static.wixstatic.com/media/fc80e7_e30a9ab8966846c4b6774c7b0dfaa180~mv2.jpg/v1/fit/w_50,h_50,q_90/file.jpg",Imagen,Tocino Ahumado Criollo Lbs,1080,All ProductsCuba Deli Meats,Tocino Ahumado Criollo Lbs,,0
"https://static.wixstatic.com/media/fc80e7_05fc25a1668b433f9f875b7152720e68~mv2.jpeg/v1/fit/w_50,h_50,q_90/file.jpg",Imagen,Pelly Party Todos,8.60004E+11,Cuba SnacksAll Products,Pelly Party Todos,,0
"https://static.wixstatic.com/media/fc80e7_96e70d70000a4b35aaf435e44b379b4a~mv2.png/v1/fit/w_50,h_50,q_90/file.png",Imagen,Don Gollo Vainilla Slice,6.92278E+11,All ProductsCuba Bakery / Baked Goods,Don Gollo Vainilla Slice,,0
"https://static.wixstatic.com/media/fc80e7_45b79bef47df45e8b6a47fd1122b6ef3~mv2.png/v1/fit/w_50,h_50,q_90/file.png",Imagen,Vaso Michilada Vampiro 1.01 Oz Ct 9,7.50304E+12,All ProductsBeveragesMexico,Vaso Michilada Vampiro 1.01 Oz Ct 9,,0
"https://static.wixstatic.com/media/fc80e7_1fc7e28083ce4a98b04b6de6481f940d~mv2.jpg/v1/fit/w_50,h_50,q_90/file.jpg",Imagen,Tamarindo Ball Azucar 8oz  Cont,61039588973,Cuba All ProductsCandy,Tamarindo Ball Azucar 8oz  Cont,,0
"https://static.wixstatic.com/media/fc80e7_6b500306c7d54e9997618f3b992f044d~mv2.webp/v1/fit/w_50,h_50,q_90/file.webp",Imagen,Domino B/C Doble 6,1101,Board Games & CardsAll ProductsCuba ,Domino B/C Doble 6,,0
"https://static.wixstatic.com/media/fc80e7_4bd1510f84c540448081d74b39bbc4e5~mv2.jpg/v1/fit/w_50,h_50,q_90/file.jpg",Imagen,Pizza Cubana Queso,8.60008E+11,Cuba All ProductsFrozen Foods,Pizza Cubana Queso,,0
"https://static.wixstatic.com/media/fc80e7_faa5d9c4116a4ca791fcc406795a9ddc~mv2.webp/v1/fit/w_50,h_50,q_90/file.webp",Imagen,Leche Condensada Nezka,7.52831E+11,Pantry EssentialsCuba All Products,Leche Condensada Nezka,,0
"https://static.wixstatic.com/media/fc80e7_b894346e0f5249d9a91a3f4c04187c8c~mv2.avif/v1/fit/w_50,h_50,q_90/file.webp",Imagen,Pan Dulce De Leche Panaaron,88362492809,All ProductsCuba Bakery / Baked Goods,Pan Dulce De Leche Panaaron,,0
"https://static.wixstatic.com/media/fc80e7_5f4197aeee754c3f97a94f588888fe81~mv2.jpg/v1/fit/w_50,h_50,q_90/file.jpg",#ÀVALOR!,Pasta Bocadito Pinton 14onz,88362312114,All ProductsCuba ,Pasta Bocadito Pinton 14onz,,0
"https://static.wixstatic.com/media/fc80e7_d1f87d27322041689fac53513a392f72~mv2.jpg/v1/fit/w_50,h_50,q_90/file.jpg",Imagen,Chips Platano Maduro Franks,19710281608,Cuba SnacksAll Products,Chips Platano Maduro Franks,,0
"https://static.wixstatic.com/media/fc80e7_2afa336b80a64a80a3dbe042cf8a931f~mv2.jpg/v1/fit/w_50,h_50,q_90/file.jpg",Imagen,Laundry Detergent Green 5gal,1147,Beauty & Personal CareCuba All Products,Laundry Detergent Green 5gal,,0
"https://static.wixstatic.com/media/fc80e7_bfc28ad9b82b4b36937f7c3aead3787e~mv2.avif/v1/fit/w_50,h_50,q_90/file.webp",Imagen,Sweet Potato Boniato Iselitas,7.89758E+11,Cuba All ProductsSnacks,Sweet Potato Boniato Iselitas,,0
"https://static.wixstatic.com/media/fc80e7_b9f0ae1eb4b840a2b61d590daf34973b~mv2.jpg/v1/fit/w_50,h_50,q_90/file.jpg",Imagen,Cafe Rico Rico 8oz,078892112118,CofeeCuba All Products,Cafe Rico Rico 8oz,,0
"https://static.wixstatic.com/media/fc80e7_87db365a14ea437fb6bbf1b1ce16dcfc~mv2.webp/v1/fit/w_50,h_50,q_90/file.webp",Imagen,Dante Ajo Galleta,1072,Bakery / Baked GoodsAll ProductsCuba ,Dante Ajo Galleta,,0
"https://static.wixstatic.com/media/fc80e7_59a3d58b4ac94959b1cea10e09baa598~mv2.webp/v1/fit/w_50,h_50,q_90/file.webp",Imagen,Tamarindo Enchilado 8oz Cont,6.10396E+11,CandyCuba All Products,Tamarindo Enchilado 8oz Cont,,0
"https://static.wixstatic.com/media/fc80e7_11d5e911abf847d19430c41a4768c0c3~mv2.webp/v1/fit/w_50,h_50,q_90/file.webp",Imagen,Bon Bon Bum Colombina 14oz Mango,7.70201E+12,CandyCuba All Products,Bon Bon Bum Colombina 14oz Mango,,0
"https://static.wixstatic.com/media/fc80e7_dc931de87be84321bf8ab505a7bab213~mv2.png/v1/fit/w_50,h_50,q_90/file.png",Imagen,Harina De Maiz Catalina 5L,75127012045,Frozen FoodsCuba All Products,Harina De Maiz Catalina 5L,,0
"https://static.wixstatic.com/media/fc80e7_08c8e40399ad4b0fba38396bef41072d~mv2.jpg/v1/fit/w_50,h_50,q_90/file.jpg",Imagen,Color Negro Frijoles 16oz,8.58311E+11,Cuba All ProductsSpices & Sauces,Color Negro Frijoles 16oz,,0
"https://static.wixstatic.com/media/fc80e7_fcc7289be97e4b8e8339bf954fc1e4e7~mv2.jpg/v1/fit/w_50,h_50,q_90/file.jpg",Imagen,Galletas Cubanas Chulopan 8oz,7.36373E+11,Cuba All ProductsBakery / Baked Goods,Galletas Cubanas Chulopan 8oz,,0
"https://static.wixstatic.com/media/fc80e7_089ba3df9f344596a57880e84feebf4b~mv2.jpeg/v1/fit/w_50,h_50,q_90/file.jpg",Imagen,Leche En Polvo Guama 16oz,1.96853E+11,All ProductsPantry EssentialsCuba ,Leche En Polvo Guama 16oz,,0
"https://static.wixstatic.com/media/fc80e7_9ca977f5be824704b710d2b92233cd84~mv2.jpg/v1/fit/w_50,h_50,q_90/file.jpg",Imagen,Color Yellow Rice 16oz,8.58311E+11,Spices & SaucesCuba All Products,Color Yellow Rice 16oz,,0
"https://static.wixstatic.com/media/fc80e7_5f4197aeee754c3f97a94f588888fe81~mv2.jpg/v1/fit/w_50,h_50,q_90/file.jpg",Imagen,Salami Criollo Cocinado Lbs,1083,All ProductsCuba Deli Meats,Salami Criollo Cocinado Lbs,,0
